King Of Lexington Jewelry, 110, North Eutaw Street, Seton Hill, Baltimore, Maryland, 21201, USA
University of Maryland Baltimore, West Baltimore Street, Ridgleys Delight, Baltimore, Maryland, 21223, USA
Medusa, 401, West Baltimore Street, Ridgleys Delight, Baltimore, Maryland, 21201, USA
400, West Redwood Street, Ridgleys Delight, Baltimore, Maryland, 21201, USA
The Goddess, West Lombard Street, Ridgleys Delight, Baltimore, Maryland, 21201, USA
South Eutaw Street, Ridgleys Delight, Baltimore, Maryland, 21201, USA
511, West Pratt Street, Ridgleys Delight, Baltimore, Maryland, 21201, USA
University of Maryland Baltimore, West Baltimore Street, Ridgleys Delight, Baltimore, Maryland, 21223, USA
University of Maryland Baltimore, West Baltimore Street, Ridgleys Delight, Baltimore, Maryland, 21223, USA
University of Maryland Baltimore, West Baltimore Street, Ridgleys Delight, Baltimore, Maryland, 21223, USA
601, West Lexington Street, Seton Hill, Baltimore, Maryland, 21201, USA
500, West Fayette Street, Seton Hill, Baltimore, Maryland, 21201, USA
Baltimore Veterans Affairs Medical Center, West Fayette Street, Seton Hill, Baltimore, Maryland, 21223, USA
W Pratt St & S Howard St, West Pratt Street, Ridgleys Delight, Baltimore, Maryland, 21201, USA
West Camden Street, Otterbein, Baltimore, Maryland, 21230, USA
111, South Hanover Street, Inner Harbor, Baltimore, Maryland, 21201, USA
Edward A. Garmatz Federal Courthouse, 101, West Lombard Street, Inner Harbor, Baltimore, Maryland, 21202:21230, USA
Mediterranean Halal Food, Hopkins Place, Inner Harbor, Baltimore, Maryland, 21201, USA
6, North Howard Street, Seton Hill, Baltimore, Maryland, 21201, USA
Bank of America, 20, West Fayette Street, Seton Hill, Baltimore, Maryland, 21201, USA
Lexington Market Station Connection, Seton Hill, Baltimore, Maryland, 21201, USA
119, Park Avenue, Mount Vernon, Baltimore, Maryland, 21201, USA
211, North Liberty Street, Mount Vernon, Baltimore, Maryland, 21201, USA
99, North Liberty Street, Inner Harbor, Baltimore, Maryland, 21201, USA
Brewers Exchange, 20, Park Avenue, Inner Harbor, Baltimore, Maryland, 21201, USA
206, North Liberty Street, Mount Vernon, Baltimore, Maryland, 21201, USA
105, West Saratoga Street, Mount Vernon, Baltimore, Maryland, 21201, USA
311 Cathedral, 19, West Mulberry Street, Mount Vernon, Baltimore, Maryland, 21201, USA
George Washington Bicentennial Marker, North Charles Street, Mount Vernon, Baltimore, Maryland, 21201, USA
Hotel Indigo, 30, West Franklin Street, Mount Vernon, Baltimore, Maryland, 21201, USA
201, West Franklin Street, Mount Vernon, Baltimore, Maryland, 21201, USA
West Mulberry Street, Mount Vernon, Baltimore, Maryland, 21201, USA
201, West Saratoga Street, Mount Vernon, Baltimore, Maryland, 21201, USA
300, North Howard Street, Seton Hill, Baltimore, Maryland, 21201, USA
Planned Parenthood, West Mulberry Street, Seton Hill, Baltimore, Maryland, 21201, USA
Chesapeake Commons Apartments, West Franklin Street, Seton Hill, Baltimore, Maryland, 21201, USA
300, West Centre Street, Seton Hill, Baltimore, Maryland, 21201, USA
Nicky’s Tailoring, 600, North Eutaw Street, Seton Hill, Baltimore, Maryland, 21201, USA
University of Maryland School of Law, 500, West Baltimore Street, Ridgleys Delight, Baltimore, Maryland, 21201, USA
Veola District Cooling Plant, 331, West Saratoga Street, Seton Hill, Baltimore, Maryland, 21201, USA
309, North Paca Street, Seton Hill, Baltimore, Maryland, 21201, USA
330, North Paca Street, Seton Hill, Baltimore, Maryland, 21201, USA
Lexington Market Garage, 520, West Lexington Street, Seton Hill, Baltimore, Maryland, 21201, USA
538, West Franklin Street, Seton Hill, Baltimore, Maryland, 21201, USA
303, North Greene Street, Seton Hill, Baltimore, Maryland, 21201, USA
Chesapeake Commons Apartments, West Franklin Street, Seton Hill, Baltimore, Maryland, 21201, USA
Senior Dog Park, Druid Hill Avenue, Seton Hill, Baltimore, Maryland, 21217, USA
401, North Eutaw Street, Seton Hill, Baltimore, Maryland, 21201, USA
601, North Paca Street, Seton Hill, Baltimore, Maryland, 21201, USA
Cozy Corner, West Centre Street, Mount Vernon, Baltimore, Maryland, 21201, USA
Center Plaza Park, West Lexington Street, Charles Center, Baltimore, Maryland, 21201, USA
Birth of Venus, Inner Harbor Skywalk, Inner Harbor, Baltimore, Maryland, 21202:21230, USA
Ten, 10, East Baltimore Street, Inner Harbor, Baltimore, Maryland, 21202, USA
Business and Government Historic District, North Calvert Street, Inner Harbor, Baltimore, Maryland, 21202:21230, USA
Business and Government Historic District, North Calvert Street, Inner Harbor, Baltimore, Maryland, 21202:21230, USA
Business and Government Historic District, North Calvert Street, Inner Harbor, Baltimore, Maryland, 21202:21230, USA
Business and Government Historic District, North Calvert Street, Inner Harbor, Baltimore, Maryland, 21202:21230, USA
Business and Government Historic District, North Calvert Street, Inner Harbor, Baltimore, Maryland, 21202:21230, USA
Jeweler's Building, 31, South Calvert Street, Inner Harbor, Baltimore, Maryland, 21202, USA
Business and Government Historic District, North Calvert Street, Inner Harbor, Baltimore, Maryland, 21202:21230, USA
Business and Government Historic District, North Calvert Street, Inner Harbor, Baltimore, Maryland, 21202:21230, USA
Business and Government Historic District, North Calvert Street, Inner Harbor, Baltimore, Maryland, 21202:21230, USA
Hollywood Diner, 400, East Saratoga Street, Penn-Fallsway, Baltimore, Maryland, 21202, USA
Business and Government Historic District, North Calvert Street, Inner Harbor, Baltimore, Maryland, 21202:21230, USA
Baltimore Federal Financial Building, 300, East Lombard Street, Inner Harbor, Baltimore, Maryland, 21202, USA
300, East Pratt Street, Inner Harbor, Baltimore, Maryland, 21202, USA
Business and Government Historic District, North Calvert Street, Inner Harbor, Baltimore, Maryland, 21202:21230, USA
Business and Government Historic District, North Calvert Street, Inner Harbor, Baltimore, Maryland, 21202:21230, USA
Business and Government Historic District, North Calvert Street, Inner Harbor, Baltimore, Maryland, 21202:21230, USA
500, East Lexington Street, Jonestown, Baltimore, Maryland, 21202, USA
East Lombard Street, Inner Harbor, Baltimore, Maryland, 21202, USA
University of Maryland Baltimore, West Baltimore Street, Ridgleys Delight, Baltimore, Maryland, 21223, USA
Metro West, 300, North Greene Street, Seton Hill, Baltimore, Maryland, 21201, USA
442, Saint Mary Street, Seton Hill, Baltimore, Maryland, 21201, USA
582, Saint Mary Street, Seton Hill, Baltimore, Maryland, 21201, USA
401, West Monument Street, Seton Hill, Baltimore, Maryland, 21201, USA
Streets Market & Cafe, West Saratoga Street, Mount Vernon, Baltimore, Maryland, 21201, USA
421, Saint Paul Street, Mount Vernon, Baltimore, Maryland, 21202, USA
Business and Government Historic District, North Calvert Street, Inner Harbor, Baltimore, Maryland, 21202:21230, USA
100, North Broadway, Washington Hill, Baltimore, Maryland, 21231, USA
1705, East Fairmount Avenue, Washington Hill, Baltimore, Maryland, 21231, USA
1701, East Baltimore Street, Washington Hill, Baltimore, Maryland, 21231, USA
1801, East Baltimore Street, Butchers Hill, Baltimore, Maryland, 21231, USA
1935, East Baltimore Street, Butchers Hill, Baltimore, Maryland, 21231, USA
32, South Broadway, Washington Hill, Baltimore, Maryland, 21231, USA
37, South Ann Street, Washington Hill, Baltimore, Maryland, 21231, USA
102, South Durham Street, Fells Prospect, Baltimore, Maryland, 21231, USA
31, South Chapel Street, Fells Prospect, Baltimore, Maryland, 21231, USA
100, South Washington Street, Fells Prospect, Baltimore, Maryland, 21231, USA
128, South Broadway, Washington Hill, Baltimore, Maryland, 21231, USA
201, East Pratt Street, Perkins Homes, Baltimore, Maryland, 21223, USA
Gough Street, Perkins Homes, Baltimore, Maryland, 21231, USA
255, South Regester Street, Washington Hill, Baltimore, Maryland, 21231, USA
330, South Broadway, Perkins Homes, Baltimore, Maryland, 21231, USA
355, Bank Street, Perkins Homes, Baltimore, Maryland, 21231, USA
400, South Caroline Street, Perkins Homes, Baltimore, Maryland, 21231, USA
Eastern Avenue, Fells Point, Baltimore, Maryland, 21231, USA
423, South Ann Street, Fells Prospect, Baltimore, Maryland, 21231, USA
South Broadway & Fleet Street, South Broadway, Fells Point, Baltimore, Maryland, 21231, USA
1704, Fleet Street, Fells Point, Baltimore, Maryland, 21231, USA
536, South Ann Street, Fells Prospect, Baltimore, Maryland, 21231, USA
1442, Fleet Street, Harbor East, Baltimore, Maryland, 21231, USA
600, South Eden Street, Harbor East, Baltimore, Maryland, 21205, USA
1703, Aliceanna Street, Fells Point, Baltimore, Maryland, 21231, USA
1615, Aliceanna Street, Fells Point, Baltimore, Maryland, 21231, USA
The Admiral's Cup, 1647, Thames Street, Fells Point, Baltimore, Maryland, 21231, USA
2776, Berea Road, Cherry Hill, Baltimore, Maryland, 21225, USA
1210, Round Road, Cherry Hill, Baltimore, Maryland, 21225, USA
1399, Slater Road, Cherry Hill, Baltimore, Maryland, 21225, USA
2705, Berea Road, Cherry Hill, Baltimore, Maryland, 21225, USA
1211, Shellbanks Road, Cherry Hill, Baltimore, Maryland, 21225, USA
1245, Slater Road, Cherry Hill, Baltimore, Maryland, 21225, USA
1211, Shellbanks Road, Cherry Hill, Baltimore, Maryland, 21225, USA
1201, Slater Road, Cherry Hill, Baltimore, Maryland, 21225, USA
1200, Slater Road, Cherry Hill, Baltimore, Maryland, 21225, USA
2701, Giles Road, Cherry Hill, Baltimore, Maryland, 21225, USA
1043, Shellbanks Road, Cherry Hill, Baltimore, Maryland, 21225, USA
1000, Slater Road, Cherry Hill, Baltimore, Maryland, 21225, USA
1001, Shellbanks Road, Cherry Hill, Baltimore, Maryland, 21225, USA
2599, Woodview Road, Cherry Hill, Baltimore, Maryland, 21225, USA
2622, Spelman Road, Cherry Hill, Baltimore, Maryland, 21225, USA
1001, Cherry Hill Road, Cherry Hill, Baltimore, Maryland, 21225, USA
2799, Spelman Road, Cherry Hill, Baltimore, Maryland, 21225, USA
2843, Round Road, Cherry Hill, Baltimore, Maryland, 21225, USA
2825, Spelman Road, Cherry Hill, Baltimore, Maryland, 21225, USA
2830, North Denham Circle, Cherry Hill, Baltimore, Maryland, 21225, USA
2890, North Denham Circle, Cherry Hill, Baltimore, Maryland, 21225, USA
2896, North Denham Circle, Cherry Hill, Baltimore, Maryland, 21225, USA
2900, Spelman Road, Cherry Hill, Baltimore, Maryland, 21225, USA
998, Bridgeview Road, Cherry Hill, Baltimore, Maryland, 21225, USA
2931, South Denham Circle, Cherry Hill, Baltimore, Maryland, 21225, USA
2863, South Denham Circle, Cherry Hill, Baltimore, Maryland, 21225, USA
3301, Round Road, Cherry Hill, Baltimore, Maryland, 21225, USA
999, Coppin Court, Cherry Hill, Baltimore, Maryland, 21225, USA
998, Bunche Road, Cherry Hill, Baltimore, Maryland, 21225, USA
898, Bethune Road, Cherry Hill, Baltimore, Maryland, 21225, USA
3401, Round Road, Cherry Hill, Baltimore, Maryland, 21225, USA
3401, Round Road, Cherry Hill, Baltimore, Maryland, 21225, USA
1017, Bethune Road, Cherry Hill, Baltimore, Maryland, 21225, USA
614, West Patapsco Avenue, Cherry Hill, Baltimore, Maryland, 21225, USA
3448, Spelman Road, Cherry Hill, Baltimore, Maryland, 21225, USA
1349, Spelman Road, Cherry Hill, Baltimore, Maryland, 21225, USA
3476, Spelman Road, Cherry Hill, Baltimore, Maryland, 21225, USA
1361, Spelman Road, Cherry Hill, Baltimore, Maryland, 21225, USA
1351, Spelman Road, Cherry Hill, Baltimore, Maryland, 21225, USA
3559, Round Road, Cherry Hill, Baltimore, Maryland, 21225, USA
985, Seagull Avenue, Cherry Hill, Baltimore, Maryland, 21225, USA
929, Seagull Avenue, Cherry Hill, Baltimore, Maryland, 21225, USA
929, Seagull Avenue, Cherry Hill, Baltimore, Maryland, 21225, USA
919, Seagull Avenue, Cherry Hill, Baltimore, Maryland, 21225, USA
Patapsco Elementary School, Carver Road, Cherry Hill, Baltimore, Maryland, 21225, USA
Patapsco Elementary School, Carver Road, Cherry Hill, Baltimore, Maryland, 21225, USA
Patapsco Elementary School, Carver Road, Cherry Hill, Baltimore, Maryland, 21225, USA
2700, Carver Road, Cherry Hill, Baltimore, Maryland, 21225, USA
2700, Carver Road, Cherry Hill, Baltimore, Maryland, 21225, USA
801, Cherry Hill Road, Cherry Hill, Baltimore, Maryland, 21225, USA
Patapsco Elementary School, Carver Road, Cherry Hill, Baltimore, Maryland, 21225, USA
2899, Sethlow Road, Cherry Hill, Baltimore, Maryland, 21225, USA
2891, Sethlow Road, Cherry Hill, Baltimore, Maryland, 21225, USA
1001, Shellbanks Road, Cherry Hill, Baltimore, Maryland, 21225, USA
1001, Slater Road, Cherry Hill, Baltimore, Maryland, 21225, USA
2879, Sethlow Road, Cherry Hill, Baltimore, Maryland, 21225, USA
500, South Macon Street, Greektown, Baltimore, Maryland, 21224, USA
4719, Eastern Avenue, Greektown, Baltimore, Maryland, 21224, USA
Eastern Avenue, Brewers Hill, Baltimore, Maryland, 21224, USA
426, South Newkirk Street, Greektown, Baltimore, Maryland, 21224, USA
502, Ponca Street, Greektown, Baltimore, Maryland, 21224, USA
301, East 28th Street, Harwood, Baltimore, Maryland, 21218, USA
Waverly Professional Pharmacy, 453, East 28th Street, Harwood, Baltimore, Maryland, 21218, USA
Harwood Park, East 27th Street, Harwood, Baltimore, Maryland, 21218, USA
348, East 27th Street, Harwood, Baltimore, Maryland, 21218, USA
350, Whitridge Avenue, Harwood, Baltimore, Maryland, 21218, USA
455, East Lorraine Avenue, Harwood, Baltimore, Maryland, 21218, USA
2601, Guilford Avenue, Barclay, Baltimore, Maryland, 21218, USA
322, East 25th Street, Old Goucher, Baltimore, Maryland, 21218, USA
Greenmount Avenue & 25th Street Southbound, Greenmount Avenue, Harwood, Baltimore, Maryland, 21218, USA
Boone Street, Barclay, Baltimore, Maryland, 21218, USA
737, East 23rd Street, East Baltimore Midway, Baltimore, Maryland, 21218, USA
400, East 24th Street, Barclay, Baltimore, Maryland, 21218, USA
2212, Greenmount Avenue, Barclay, Baltimore, Maryland, 21218, USA
2250, Guilford Avenue, Barclay, Baltimore, Maryland, 21218, USA
540, East 23rd Street, Barclay, Baltimore, Maryland, 21218, USA
451, East 22nd Street, Barclay, Baltimore, Maryland, 21218, USA
735, East 22nd Street, Barclay, Baltimore, Maryland, 21218, USA
323, East 21½ Street, Barclay, Baltimore, Maryland, 21218, USA
301, East 21st Street, Barclay, Baltimore, Maryland, 21218, USA
2010, Boone Street, Barclay, Baltimore, Maryland, 21218, USA
Tectonic Space, 2000, Greenmount Avenue, Barclay, Baltimore, Maryland, 21218, USA
341, East 20th Street, Barclay, Baltimore, Maryland, 21218, USA
1912, Barclay Street, Greenmount West, Baltimore, Maryland, 21218, USA
Rite Aid, 423, East North Avenue, Greenmount West, Baltimore, Maryland, 21202, USA
1913, Guilford Avenue, Greenmount West, Baltimore, Maryland, 21218, USA
212, McAllister Street, Greenmount West, Baltimore, Maryland, 21202, USA
1803, Guilford Avenue, Greenmount West, Baltimore, Maryland, 21202, USA
329, East Lafayette Avenue, Greenmount West, Baltimore, Maryland, 21202, USA
1612, Barclay Street, Greenmount West, Baltimore, Maryland, 21202, USA
Greenmount Liquors & Bar, 1238, Greenmount Avenue, Greenmount West, Baltimore, Maryland, 21202, USA
Libert Food Market Deli, Greenmount Avenue, Greenmount West, Baltimore, Maryland, 21202, USA
Hi-Mart, 1053, Greenmount Avenue, Greenmount West, Baltimore, Maryland, 21202, USA
Sungs Carry Out, 628, East Eager Street, Penn-Fallsway, Baltimore, Maryland, 21202, USA
300, East 30th Street, Abell, Baltimore, Maryland, 21218, USA
503, East 29th Street, Abell, Baltimore, Maryland, 21218, USA
3001, Old York Road, Abell, Baltimore, Maryland, 21218, USA
3213, Greenmount Avenue, Abell, Baltimore, Maryland, 21218, USA
3308, Greenmount Avenue, Waverly, Baltimore, Maryland, 21218, USA
2024, East Monument Street, McElderry Park, Baltimore, Maryland, 21205, USA
Parking Authority of Baltimore City, North Duncan Street, Butchers Hill, Baltimore, Maryland, 21205, USA
629, North Collington Avenue, Butchers Hill, Baltimore, Maryland, 21205, USA
722, North Madeira Street, Butchers Hill, Baltimore, Maryland, 21205, USA
2301, East Monument Street, McElderry Park, Baltimore, Maryland, 21205, USA
2321, McElderry Street, McElderry Park, Baltimore, Maryland, 21205, USA
701, North Montford Avenue, McElderry Park, Baltimore, Maryland, 21205, USA
801, North Port Street, McElderry Park, Baltimore, Maryland, 21205, USA
2442, East Monument Street, McElderry Park, Baltimore, Maryland, 21205, USA
2510, McElderry Street, McElderry Park, Baltimore, Maryland, 21205, USA
2541, East Monument Street, McElderry Park, Baltimore, Maryland, 21205, USA
2620, East Madison Street, McElderry Park, Baltimore, Maryland, 21205, USA
2642, East Monument Street, McElderry Park, Baltimore, Maryland, 21205, USA
601, North Belnord Avenue, McElderry Park, Baltimore, Maryland, 21205, USA
2739, East Monument Street, McElderry Park, Baltimore, Maryland, 21205, USA
800, North Streeper Street, McElderry Park, Baltimore, Maryland, 21205, USA
2901, McElderry Street, Ellwood Park/Monument, Baltimore, Maryland, 21205, USA
700, North Curley Street, Baltimore - Linwood, Baltimore, Maryland, 21205, USA
3000, McElderry Street, Ellwood Park/Monument, Baltimore, Maryland, 21205, USA
3021, East Monument Street, McElderry Park, Baltimore, Maryland, 21205, USA
3027, East Madison Street, Ellwood Park/Monument, Baltimore, Maryland, 21205, USA
3118, East Monument Street, Ellwood Park/Monument, Baltimore, Maryland, 21205, USA
2919, East Madison Street, Ellwood Park/Monument, Baltimore, Maryland, 21205, USA
601, North Robinson Street, Ellwood Park/Monument, Baltimore, Maryland, 21205, USA
Kay’s Liquor & Convenience, 2444, East Biddle Street, Berea, Baltimore, Maryland, 21213, USA
2317, Ashland Avenue, McElderry Park, Baltimore, Maryland, 21205, USA
2139, Jefferson Street, McElderry Park, Baltimore, Maryland, 21205, USA
2610, Jefferson Street, McElderry Park, Baltimore, Maryland, 21205, USA
2598, Presbury Street, Bridge View/Greenlawn, Baltimore, Maryland, 21216, USA
Science & Technology, Thomas Avenue, Bridge View/Greenlawn, Baltimore, Maryland, 21216, USA
James Weldon Johnson Auditorium Building, West North Avenue, Panway/Braddish Avenue, Baltimore, Maryland, 21216, USA
1801, North Warwick Avenue, Bridge View/Greenlawn, Baltimore, Maryland, 21216, USA
2400, Westwood Avenue, Easterwood, Baltimore, Maryland, 21216, USA
West North Avenue, Mondawmin, Baltimore, Maryland, 21216, USA
2212, Westwood Avenue, Easterwood, Baltimore, Maryland, 21216, USA
1800, North Smallwood Street, Mondawmin, Baltimore, Maryland, 21216, USA
Beauty Fair, 1825, North Smallwood Street, Mondawmin, Baltimore, Maryland, 21216, USA
2000, North Smallwood Street, Mondawmin, Baltimore, Maryland, 21216, USA
1800, North Pulaski Street, Easterwood, Baltimore, Maryland, 21217, USA
Carey Hardware, 2102, West North Avenue, Easterwood, Baltimore, Maryland, 21217, USA
2101, Herbert Street, Mondawmin, Baltimore, Maryland, 21217, USA
2101, Walbrook Avenue, Mondawmin, Baltimore, Maryland, 21217, USA
1900, North Payson Street, Easterwood, Baltimore, Maryland, 21217, USA
1914, North Payson Street, Easterwood, Baltimore, Maryland, 21217, USA
2000, Walbrook Avenue, Mondawmin, Baltimore, Maryland, 21217, USA
2021, North Payson Street, Easterwood, Baltimore, Maryland, 21217, USA
1800, Appleton Street, Easterwood, Baltimore, Maryland, 21217, USA
1838, Westwood Avenue, Easterwood, Baltimore, Maryland, 21217, USA
1900, West North Avenue, Easterwood, Baltimore, Maryland, 21217, USA
1900, Walbrook Avenue, Mondawmin, Baltimore, Maryland, 21217, USA
1716, Westwood Avenue, Easterwood, Baltimore, Maryland, 21217, USA
1800, West North Avenue, Easterwood, Baltimore, Maryland, 21217, USA
1928, North Fulton Avenue, Penn North, Baltimore, Maryland, 21217, USA
1800, North Mount Street, Gilmor Homes, Baltimore, Maryland, 21217, USA
1612, West North Avenue, Penn North, Baltimore, Maryland, 21217, USA
Arch Social Club, 2426, Pennsylvania Avenue, Penn North, Baltimore, Maryland, 21217, USA
738, Cumberland Street, Penn North, Baltimore, Maryland, 21217, USA
601, Cumberland Street, Penn North, Baltimore, Maryland, 21217, USA
1390, West North Avenue, Penn North, Baltimore, Maryland, 21217, USA
2406, Woodbrook Avenue, Penn North, Baltimore, Maryland, 21217, USA
2401, Etting Street, Penn North, Baltimore, Maryland, 21217, USA
2402, Francis Street, Penn North, Baltimore, Maryland, 21217, USA
2361, Druid Hill Avenue, Sugar Hill, Baltimore, Maryland, 21217, USA
Mount Hebron Memorial Church of God in Christ, 2231, West North Avenue, Easterwood, Baltimore, Maryland, 21216, USA
Saint Abraham Baptist Church, McCulloh Street, Sugar Hill, Baltimore, Maryland, 21217, USA
3900, Reisterstown Road, Park Circle, Baltimore, Maryland, 21215, USA
3942, Reisterstown Road, Park Circle, Baltimore, Maryland, 21215, USA
Towanda Playground, Towanda Avenue, East Arlington, Baltimore, Maryland, 21215, USA
4323, Reisterstown Road, Park Circle, Baltimore, Maryland, 21215, USA
2852, Boarman Avenue, East Arlington, Baltimore, Maryland, 21215, USA
Park Heights Elementary School, West Garrison Avenue, Central Park Heights, Baltimore, Maryland, 21215, USA
4400, Reisterstown Road, Langston Hughes, Baltimore, Maryland, 21215, USA
4600, Reisterstown Road, Langston Hughes, Baltimore, Maryland, 21215, USA
5201, Cuthbert Avenue, Arlington, Baltimore, Maryland, 21215, USA
3202, Woodland Avenue, Central Park Heights, Baltimore, Maryland, 21215, USA
Park Heights Elementary School, West Garrison Avenue, Central Park Heights, Baltimore, Maryland, 21215, USA
4932, Palmer Avenue, Central Park Heights, Baltimore, Maryland, 21215, USA
4515, Pimlico Road, Central Park Heights, Baltimore, Maryland, 21215, USA
4330, Pimlico Road, Parklane, Baltimore, Maryland, 21215, USA
2650, Quantico Avenue, Greenspring, Baltimore, Maryland, 21215, USA
Episcopal Church of the Holy Nativity, 4238, Pimlico Road, Greenspring, Baltimore, Maryland, 21215, USA
4256, Pimlico Road, Greenspring, Baltimore, Maryland, 21215, USA
5344, Winner Avenue, Pimlico, Baltimore, Maryland, 21215, USA
5301, Park Heights Avenue, Arlington, Baltimore, Maryland, 21215, USA
3502, West Rogers Avenue, Pimlico, Baltimore, Maryland, 21215, USA
Beth Jacob Synagogue, Manhattan Avenue, Glen, Baltimore, Maryland, 21215, USA
3603, Glen Avenue, Glen, Baltimore, Maryland, 21215, USA
3505, Taney Road, Glen, Baltimore, Maryland, 21215, USA
6211, Park Heights Avenue, Glen, Baltimore, Maryland, 21215, USA
6398, Park Heights Avenue, Cross Country, Baltimore, Maryland, 21215, USA
3509, Clarks Lane, Cross Country, Baltimore, Maryland, 21215, USA
6901, Park Heights Avenue, Fallstaff, Baltimore, Maryland, 21215, USA
5146, Park Heights Avenue, Central Park Heights, Baltimore, Maryland, 21215, USA
3201, Virginia Avenue, Central Park Heights, Baltimore, Maryland, 21215, USA
4450, Park Heights Avenue, Central Park Heights, Baltimore, Maryland, 21215, USA
4033, Park Heights Avenue, Park Circle, Baltimore, Maryland, 21215, USA
5700, Park Heights Avenue, Glen, Baltimore, Maryland, 21215, USA
5806, Park Heights Avenue, Glen, Baltimore, Maryland, 21215, USA
3603, Menlo Drive, Glen, Baltimore, Maryland, 21215, USA
3504, Pinkney Road, Glen, Baltimore, Maryland, 21215, USA
3502, West Strathmore Avenue, Glen, Baltimore, Maryland, 21215, USA
6503, Park Heights Avenue, Cross Country, Baltimore, Maryland, 21215, USA
6611, Park Heights Avenue, Cross Country, Baltimore, Maryland, 21215, USA
Pimlico Middle School, Northern Parkway, Pimlico, Baltimore, Maryland, 21215, USA
4400, Park Heights Avenue, Parklane, Baltimore, Maryland, 21215, USA
1905, Bloomingdale Road, Walbrook, Baltimore, Maryland, 21216, USA
3101, West North Avenue, Walbrook, Baltimore, Maryland, 21216, USA
3000, West North Avenue, Walbrook, Baltimore, Maryland, 21216, USA
2858, West North Avenue, Walbrook, Baltimore, Maryland, 21216, USA
2800, West North Avenue, Walbrook, Baltimore, Maryland, 21216, USA
Braddish Avenue, Panway/Braddish Avenue, Baltimore, Maryland, 21216, USA
2826, Westwood Avenue, Rosemont, Baltimore, Maryland, 21216, USA
3101, Grayson Street, Rosemont, Baltimore, Maryland, 21216, USA
1649, Poplar Grove Street, Winchester, Baltimore, Maryland, 21216, USA
2801, Baker Street, Gilmor Homes, Baltimore, Maryland, 21216, USA
1412, Bloomingdale Road, Winchester, Baltimore, Maryland, 21216, USA
2900, Presstman Street, Winchester, Baltimore, Maryland, 21216, USA
2906, Belmont Avenue, Winchester, Baltimore, Maryland, 21216, USA
1405, North Rosedale Street, Rosemont, Baltimore, Maryland, 21216, USA
1158, North Longwood Street, Franklintown Road, Baltimore, Maryland, 21216, USA
2900, Ellicott Driveway, Winchester, Baltimore, Maryland, 21216, USA
2752, Ellicott Driveway, Winchester, Baltimore, Maryland, 21216, USA
1027, Poplar Grove Street, Winchester, Baltimore, Maryland, 21216, USA
2800, Mosher Street, Mosher, Baltimore, Maryland, 21216, USA
Alexander Hamilton Elementary School, West Lafayette Avenue, Franklintown Road, Baltimore, Maryland, 21216, USA
719, North Longwood Street, Franklintown Road, Baltimore, Maryland, 21216, USA
714, Poplar Grove Street, Winchester, Baltimore, Maryland, 21216, USA
2838, Edmondson Avenue, Mosher, Baltimore, Maryland, 21223, USA
2594, Edmondson Avenue, Mosher, Baltimore, Maryland, 21223, USA
2444, Edmondson Avenue, Mosher, Baltimore, Maryland, 21223, USA
3332, Edmondson Avenue, Allendale, Baltimore, Maryland, 21229, USA
601, Swann Avenue, Rognel Heights, Baltimore, Maryland, 21229, USA
3940, Edmondson Avenue, Edmondson Village, Baltimore, Maryland, 21229, USA
3624, Edmondson Avenue, Allendale, Baltimore, Maryland, 21229, USA
3037, Presstman Street, Rosemont, Baltimore, Maryland, 21216, USA
1107, Poplar Grove Street, Winchester, Baltimore, Maryland, 21216, USA
1123, Poplar Grove Street, Winchester, Baltimore, Maryland, 21216, USA
200, South Stricker Street, Mount Clare, Baltimore, Maryland, 21223, USA
300, South Stricker Street, Mount Clare, Baltimore, Maryland, 21223, USA
346, South Stricker Street, Mount Clare, Baltimore, Maryland, 21223, USA
221, South Parrish Street, Mount Clare, Baltimore, Maryland, 21223, USA
1525, Ramsay Street, Mount Clare, Baltimore, Maryland, 21223, USA
1524, McHenry Street, Mount Clare, Baltimore, Maryland, 21223, USA
401, South Gilmor Street, Mount Clare, Baltimore, Maryland, 21223, USA
1700, West Pratt Street, Mount Clare, Baltimore, Maryland, 21223, USA
301, South Mount Street, Mount Clare, Baltimore, Maryland, 21223, USA
Mount Clare, Baltimore, Maryland, 21223, USA
1801, West Pratt Street, Carrollton Ridge, Baltimore, Maryland, 21223, USA
228, South Fulton Avenue, Franklin Square, Baltimore, Maryland, 21223, USA
1803, Wilhelm Street, Carrollton Ridge, Baltimore, Maryland, 21223, USA
344, South Fulton Avenue, Franklin Square, Baltimore, Maryland, 21223, USA
1818, McHenry Street, Carrollton Ridge, Baltimore, Maryland, 21223, USA
128, South Monroe Street, Carrollton Ridge, Baltimore, Maryland, 21223, USA
318, South Monroe Street, Carrollton Ridge, Baltimore, Maryland, 21223, USA
338, South Monroe Street, Carrollton Ridge, Baltimore, Maryland, 21223, USA
222, South Payson Street, Carrollton Ridge, Baltimore, Maryland, 21223, USA
346, South Payson Street, Carrollton Ridge, Baltimore, Maryland, 21223, USA
350, South Payson Street, Carrollton Ridge, Baltimore, Maryland, 21223, USA
2018, McHenry Street, Carrollton Ridge, Baltimore, Maryland, 21223, USA
2024, Wilhelm Street, Carrollton Ridge, Baltimore, Maryland, 21223, USA
2024, Ramsay Street, Carrollton Ridge, Baltimore, Maryland, 21223, USA
2102, Ashton Street, Carrollton Ridge, Baltimore, Maryland, 21223, USA
2124, Ramsay Street, Carrollton Ridge, Baltimore, Maryland, 21223, USA
444, South Smallwood Street, Carrollton Ridge, Baltimore, Maryland, 21223, USA
1301, West Pratt Street, Mount Clare, Baltimore, Maryland, 21223, USA
1119, West Lombard Street, Hollins Market, Baltimore, Maryland, 21223, USA
